<?xml version="1.0"?>
<data grt_format="2.0">
  <value _ptr_="000001C9D33B6440" type="list" content-type="object" content-struct-name="db.mgmt.Connection">
    <value type="object" struct-name="db.mgmt.Connection" id="{1ED034AA-DA90-442C-A611-18DE1FADCCCA}" struct-checksum="0x96ba47d8">
      <link type="object" struct-name="db.mgmt.Driver" key="driver">com.mysql.rdbms.mysql.driver.native</link>
      <value type="string" key="hostIdentifier">Mysql@localhost:3306</value>
      <value type="int" key="isDefault">0</value>
      <value _ptr_="000001C9D4684B30" type="dict" key="modules"/>
      <value _ptr_="000001C9D4686F30" type="dict" key="parameterValues">
        <value type="string" key="hostName">localhost</value>
        <value type="int" key="lastConnected">1643429169</value>
        <value type="int" key="port">3306</value>
        <value type="string" key="serverVersion">8.0.19</value>
        <value type="string" key="userName">root</value>
      </value>
      <value type="string" key="name">Local instance MySQL80</value>
      <link type="object" struct-name="GrtObject" key="owner">{5704D5E5-9870-48D0-8E0B-2944337AAF05}</link>
    </value>
    <value type="object" struct-name="db.mgmt.Connection" id="{1977fd66-828d-4dd6-8590-191bb081134b}" struct-checksum="0x96ba47d8">
      <link type="object" struct-name="db.mgmt.Driver" key="driver">com.mysql.rdbms.mysql.driver.native</link>
      <value type="string" key="hostIdentifier">Mysql@localhost:3306</value>
      <value type="int" key="isDefault">0</value>
      <value _ptr_="000001C9D4687110" type="dict" key="modules"/>
      <value _ptr_="000001C9D4686DB0" type="dict" key="parameterValues">
        <value type="string" key="hostName">localhost</value>
        <value type="string" key="password"></value>
        <value type="int" key="port">3306</value>
        <value type="int" key="useSSL">1</value>
        <value type="string" key="userName">root</value>
      </value>
      <value type="string" key="name">Local instance MySQL80 (2)</value>
      <link type="object" struct-name="GrtObject" key="owner">{5704D5E5-9870-48D0-8E0B-2944337AAF05}</link>
    </value>
  </value>
</data>
